ID,Date vue,Catégorie,Titre,Détails,Source,Type source,Pays,Date vente / publication,Estimation,Prix,Statut,URL,Intérêt (à remplir),Mes notes
B0001,2026-08-25,Peinture,Grenadier de la Garde en sentinelle,"HST signée « H. BELLANGE », datée 1829, 35 × 53 cm (67 × 85 encadrée) ; toujours en vente le 07/09/2026",Galerie Dantan (Achicourt),Marchand,FR,,,2 200 €,En vente,https://en.dantan.store/product-page/joseph-louis-hippolyte-bellange-huile-sur-toile-grenadier-sign%C3%A9e-1800-1866,,
B0002,2026-08-25,Peinture,The Four Militaries (attribué),"HST 22 × 31 cm, milieu XIXe, attribution non documentée par une signature",1stDibs — Gijsel Gallery (Genève),Marketplace,CH,,,1 152 $,En vente,https://www.1stdibs.com/art/paintings/portrait-paintings/hippolyte-bellange-four-militaries-hippolyte-bellange-antique-oil-on-canvas/id-a_12523192/,,
B0003,2026-08-25,Aquarelle-gouache,Scène de rue,"Dessin/aquarelle signé « hte Bellangé », daté 1822, 22 × 17 cm, cadre doré XIXe",Proantic — Galerie Mazarini (Lyon),Marchand,FR,,,2 350 €,En vente,https://www.proantic.com/en/1546464-bellange-hippolyte-1800-1866-quotstreet-scenequot-drawingwatercolor-signed-and-dated-be.html,,
B0004,2026-08-25,Aquarelle-gouache,Le Camp du duc d'Orléans près de Compiègne,"Aquarelle signée « hte. Bgé. », datée 7bre 1836, 29 × 38 cm ; faite avec Raffet ; prov. probable vente après décès 1867",Galerie La Nouvelle Athènes (Paris),Marchand,FR,2025-03-07,,Sur demande,En vente,https://lanouvelleathenes.fr/2025/03/07/hippolyte-bellange-1800-1866/,,
B0005,2026-08-25,Aquarelle-gouache,La Vivandière de Wagram,"Aquarelle gouachée signée, 1862, 22 × 30,5 cm ; exposée Beaux-Arts 1867 n°157",Galerie Christian Le Serbon (Paris),Marchand,FR,,,Sur demande,En vente,https://www.galerie-leserbon.fr/hippolyte-bellange-vivandiere-wagram/,,
B0006,2026-08-25,Dessin,Bataille de Sébastopol,"Lavis brun signé, annoté au dos « Sébastopol 1855 », 25,5 × 82,5 cm, pli central",Proantic — Galerie Mazarini (Lyon),Marchand,FR,,,1 450 €,En vente,https://www.proantic.com/en/657821-bellange-hippolyte-1800-1866-quotbattle-of-sebastopolquot-drawing-brown-wash-signed-anno.html,,
B0007,2026-08-25,Dessin,Figure,"Encre de Chine, 7 × 5,5 cm, milieu XIXe",1stDibs — Wallector (Rome),Marketplace,IT,,,Sur demande,En vente,https://www.1stdibs.com/art/drawings-watercolor-paintings/figurative-drawings-watercolors/hippolyte-bellange-figure-original-drawing-china-ink-hippolyte-bellange-mid-19th-century/id-a_10777412/,,
B0008,2026-08-25,Lithographie-estampe,"Album « Souvenirs militaires » (1834), Gihaut — 12 planches + couverture","En feuilles, 340 × 510 mm : Jemmapes, Mont Saint-Bernard, Marengo, Arcole, Moskowa, Montereau, Bastan, Landrecies, Retour de l'île d'Elbe, Guadarrama, Valmy, camp de Boulogne",Estampes MAS,Marchand,FR,,,2 000 €,En vente,https://www.estampes-mas.fr/produit/bellange-souvenirs-militaires-album-1834/,,
B0009,2026-08-25,Lithographie-estampe,Bataille de la Moskowa (modèle de coloris),"Litho vers 1832, coupée au sujet, 185 × 300 mm",Estampes MAS,Marchand,FR,,,300€,En vente,https://www.estampes-mas.fr/produit/bellange-bataille-de-la-moskowa/,,
B0010,2026-08-25,Lithographie-estampe,Bataille de Marengo (modèle de coloris),"Litho signée/datée 1832, 190 × 310 mm",Estampes MAS,Marchand,FR,,,Non affiché,En vente,https://www.estampes-mas.fr/produit/bellange-bataille-de-marengo/,,
B0011,2026-08-25,Lithographie-estampe,La Garde meurt mais ne se rend pas,"Litho 1849, 505 × 370 mm, mouillure angle (Aveline 409)",Estampes MAS,Marchand,FR,,,Non affiché,En vente,https://www.estampes-mas.fr/produit/bellange-la-garde-meurt-mais-ne-se-rend-pas/,,
B0012,2026-08-25,Lithographie-estampe,La Vivandière de Béranger,"Litho Villain/Gihaut, 245 × 175 mm",Estampes MAS,Marchand,FR,,,30€,En vente,https://www.estampes-mas.fr/produit/bellange-la-vivandiere-de-beranger/,,
B0013,2026-08-25,Lithographie-estampe,Dédié à Madame Vve Charlet (1846),"Litho Villain/Gihaut, 42 × 57 cm, légère humidité",Pamono — vendeur Italie,Marketplace,IT,,,397 $,En vente,https://www.pamono.com/hippolyte-bellange-dedie-a-madame-vve-charlet-original-lithograph-1846,,
B0014,2026-08-25,Lithographie-estampe,"Tiens bon, Turc ! Nous voilà, mon brave (Crimée, v. 1854)","1re édition, Auguste Bry / Delarue, feuille 45 × 58,5 cm",AbeBooks — Wittenborn Art Books (San Francisco),Marketplace,US,,,"264,82€",En vente,https://www.abebooks.fr/art-affiches/bon-Turc-brave-Guerre-Crim%C3%A9e-1853-1856/30932387763/bd,,
B0015,2026-08-25,Lithographie-estampe,"Tenez voyez-vous, Mr le Curé… (Albums lithographiques n°8, 1834)","Litho coloriée d'époque, image 17 × 20,5 cm",AbeBooks — Antiquariat Friederichsen (Hambourg),Marketplace,DE,,,300€,En vente,https://www.abebooks.fr/art-affiches/Tenez-Voyez-Vous-Cure-v%60la.l%60Pere-Eternel-Altkolorierte/15341477405/bd,,
B0016,2026-08-25,Lithographie-estampe,"Le retour de l'Armée (Villain, v. 1835)",Litho coloriée,AbeBooks — Antiquariat Friederichsen (Hambourg),Marketplace,DE,,,Non relevé,En vente,https://www.abebooks.fr/art-affiches/retour-Armee-Altkolorierte-Lithographie-Villain-Bellange/15341477401/bd,,
B0017,2026-08-25,Lithographie-estampe,"Ces messieurs prennent leur café, à c'qui paraît (Gihaut, années 1830)","1re édition, 32 × 36,5 cm (Adeline 377)",AbeBooks — Wittenborn Art Books,Marketplace,US,,,"132,41€",En vente,https://www.abebooks.fr/art-affiches/messieurs-prennent-caf%C3%A9-cqui-parait-First/30932390553/bd,,
B0018,2026-08-25,Lithographie-estampe,Napoléon à Montereau (1828),"Litho originale 24,5 × 34 cm",1stDibs — Wallector (Rome),Marketplace,IT,,,Sur demande,En vente,https://www.1stdibs.com/art/prints-works-on-paper/figurative-prints-works-on-paper/hippolyte-bellange-napoleon-montereau-original-lithograph-h-bellange-1828/id-a_4031282/,,
B0019,2026-08-25,Lithographie-estampe,"Vive le Vin (Engelmann, v. 1825)","Litho à la teinte, feuille 34,8 × 26,7 cm (Béraldi p. 17)",1stDibs — Thomas French Fine Art (Ohio),Marketplace,US,,,Sur demande,En vente,https://www.1stdibs.com/art/prints-works-on-paper/hippolyte-bellange-vive-le-vin/id-a_15017462/,,
B0020,2026-08-25,Lithographie-estampe,"Grenadier (Villain, 1824), pl. 3","Litho coloriée 22,7 × 29,6 cm",AbeBooks — ThePrintsCollector (NL),Marketplace,NL,,,"148,43 $",En vente,https://www.abebooks.com/art-prints/Antique-Print-GRENADIER-MILITARY-INFANTRY-BAYONET-PL-3-Bellange-Villain-1824/22589589902/bd,,
B0021,2026-08-25,Lithographie-estampe,"Bonaparte à Toulon (eau-forte, 1837, Norvins)",22 × 14 cm,Pamono — vendeur Italie,Marketplace,IT,,,230 $,En vente,https://www.pamono.com/hippolyte-bellange-napoleon-bonaparte-in-toulon-1837-etching,,
B0022,2026-08-25,Lithographie-estampe,Le Mendiant (Alliance des Arts),Litho,eBay.fr — lefennec205 (Pluvigner),Marketplace,FR,,,25€,En vente,https://www.ebay.fr/itm/264629880742,,
B0023,2026-08-25,Livre illustré,"Adeline, « Hippolyte Bellangé et son œuvre » (Quantin 1880) — 1/50 sur Hollande","Maroquin rouge signé Pagnant, enrichi de 12 dessins originaux d'Adeline d'après Bellangé ; 14/09/2026 : prix passé de 2 138,35 € à 2 116,18 € (probable conversion CHF), toujours en vente",Livre-rare-book — ILLIBRAIRIE (Genève),Marchand,CH,,,"2 116,18 €",En vente,https://www.livre-rare-book.com/book/20676660/4280,,
B0024,2026-08-25,Livre illustré,"Norvins, « Histoire de Napoléon », 21e éd. (Furne 1868), ill. Raffet, Charlet, Bellangé, Yan' Dargent","In-4, demi-veau aubergine, rousseurs",AbeBooks — Mesnard Comptoir du Livre Ancien,Marketplace,FR,,,"108,16 $",En vente,https://www.abebooks.com/Histoire-Napol%C3%A9on-Norvins-Vingt-uni%C3%A8me-%C3%A9dition/19905379626/bd,,
B0025,2026-08-25,Livre illustré,"Collection des types de tous les corps et des uniformes militaires… (1844), 50 pl. coloriées",« A superb copy » — libraire et prix non lisibles,viaLibri,Agrégateur,,,,Non lisible,En vente,https://www.vialibri.net/years/books/361033254/1844-bellange-m-hippolyte-collection-des-types-de-tout-les,,
B0026,2026-08-25,Aquarelle-gouache,Le départ du conscrit,"Aquarelle signée/datée 1846, 25,7 × 30,5 cm encadrée",Nahum Gallery (Vitry-sur-Seine),Marchand,FR,,,450€,Vendu,https://nahumgallery.com/en-inter/products/hippolyte-bellange-aquarelle-le-depart-du-conscrit,,
B0027,2026-08-25,Aquarelle-gouache,Soldat blessé,"Aquarelle 25,5 × 32 cm",Nahum Gallery,Marchand,FR,,,250€,Vendu,https://nahumgallery.com/en-inter/products/soldat-bellange,,
B0028,2026-08-25,Dessin,Un ruffian à cheval,"Crayon rehaussé d'aquarelle et encre, cadre XXe",Proantic — Antiquités de la Sapinière,Marchand,FR,,,550€,Vendu,https://www.proantic.com/en/1157734-dessin-d039-hippolyte-bellange-quot1800-1866-un-ruffian-a-cheval.html,,
B0029,2026-08-25,Dessin,Triple Study of Soldier with Rifle,Dessin ; annonce clôturée par le vendeur le 13 juin 2026,eBay.com — museumcoin (Baltimore),Marketplace,US,2026-06-13,,"295,95 $",Clôturé,https://www.ebay.com/itm/235442304483,,
B0030,2026-08-25,Lithographie-estampe,Passage du pont d'Arcole (modèle de coloris),Litho 1832 ; fiche physique retirée du site en 09/2026 (seule une version « téléchargement » subsiste) ; 14/09/2026 : la fiche affiche désormais explicitement « VENDUE »,Estampes MAS,Marchand,FR,,,,Vendu,https://www.estampes-mas.fr/produit/bellange-passage-du-pont-darcole/,,
B0031,2026-08-25,Peinture,"Zouaves de la Garde impériale lors d'une halte, après la campagne de Crimée","HST signée b.g., 46 × 54 cm, restaurations, cadre Binant ; prov. Dr Nacquart ; peut-être n°447 du catalogue (anc. coll. Baroche) ; confirmé invendu le 04/09/2026 (liste officielle des résultats Osenat : lot 234 absent) ; prochaine vente « L'Empire à Fontainebleau » le 15/11/2026 — catalogue pas encore en ligne le 07/09/2026, surveiller une représentation ; 14/09/2026 : vente « L'Empire à Fontainebleau » reportée au 06/12/2026 (calendrier Osenat), catalogue toujours non publié, fiche du lot inchangée ; vente « L'Empire en ligne » (clôture 22/09) : aucun Bellangé visible mais catalogue JS non rendu","Osenat — L'Empire à Fontainebleau, lot 234",Maison de vente,FR,2025-12-07,3 000 – 4 000 €,Non publié,Invendu,https://www.osenat.com/en/lot/169041/31518386-hippolyte-bellange-1800-1866-zouaves-of-the-imperial-guard,,
B0032,2026-08-25,Peinture,The Barber of the Pays de Caux (d'après H. Bellangé),"Huile sur bois 33 × 41 cm ; passé le 28/10/2025 puis représenté le 05/05/2026 (maison masquée, paywall Artnet)",Artnet (maison non affichée),Agrégateur,,2026-05-05,Paywall,Paywall,Inconnu,https://www.artnet.com/artists/hippolyte-bellangé/the-barber-of-the-pays-de-caux-IcD1M9GYh0m_zzhxIMtxTQ2,,
B0033,2026-08-25,Peinture,Convoi militaire français arrivant dans un village (1829),"Technique non lue (probable HST) 32 × 46 cm ; résultat toujours inconnu au 07/09/2026 (fiche Invaluable vide, catalogue carlobonte.be paginé inaccessible au lot 316)",Carlo Bonte Auctions (Bruges) via Invaluable,Maison de vente,BE,2025-10-14,2 000 – 3 000 €,Non affiché,Inconnu,https://www.invaluable.com/auction-lot/hippolyte-bellange-1800-1866-french-military-conv-316-c-8a04df38e7,,
B0034,2026-08-25,Peinture,"Scène de bataille, HST signée","66 × 97 cm, lot 560",DVC (Gand) via the-saleroom / Invaluable,Maison de vente,BE,2025-06-22,700 – 1 200 €,Non affiché,Inconnu,https://www.the-saleroom.com/en-gb/auction-catalogues/dvc/catalogue-id-dvc-nv10062/lot-f6dd7cfc-578a-4c60-b228-b2f400b3e13b,,
B0035,2026-08-25,Peinture,"Deux tableaux encadrés, hommes en uniforme (lot 110)","Description issue de la vignette, technique non précisée — page de lot en 410",Bailleul & Nentas (Bayeux) via Interencheres,Maison de vente,FR,2026-07-14,200 – 300 €,Non affiché,Inconnu,https://www.interencheres.com/art-decoration/grande-vente-du-14-juillet-a-14h-684108,,
B0036,2026-08-25,Dessin,Mousquetaire (Musketeer),"Dessin, vente 83 lot 6352",Bubb Kuyper (Haarlem) via Invaluable,Maison de vente,NL,2025-11-28,80 – 100 €,Non affiché,Inconnu,https://www.invaluable.com/auction-lot/bellange-hippolyte-1800-1866-musketeer-6352-c-d14d484cda,,
B0037,2026-08-25,Dessin,Overgrown monument,"Plume ; représenté à répétition (11/2023, 03/2024, 04/2024, 06/2025)",Fichter Kunsthandel (Francfort) via Invaluable,Maison de vente,DE,2025-06-14,1 200 – 1 600 €,Non affiché,Invendu probable,https://www.invaluable.com/auction-lot/h-bellange-1800-1866-overgrown-monument-around-18-15-c-67343b8acf,,
B0038,2026-08-25,Dessin,Caricature — Cavalryman at the fire,Représenté depuis 02/2023,Fichter Kunsthandel via Invaluable,Maison de vente,DE,2025-05-18,60 – 100 €,Non affiché,Inconnu,https://www.invaluable.com/auction-lot/h-bellange-1800-1866-caricature-cavalryman-at-the-620-c-4664ab98f3,,
B0039,2026-08-25,Dessin,Caricature — Woman and soldier,,Fichter Kunsthandel via Invaluable,Maison de vente,DE,2025-05-18,60 – 100 €,Non affiché,Inconnu,https://www.invaluable.com/auction-lot/h-bellange-1800-1866-caricature-woman-and-soldier-619-c-3d84434bb8,,
B0040,2026-08-25,Dessin,Caricature — Couple fishing,,Fichter Kunsthandel via Invaluable,Maison de vente,DE,2025-05-18,60 – 100 €,Non affiché,Inconnu,https://www.invaluable.com/auction-lot/h-bellange-1800-1866-caricature-couple-fishing-li-618-c-9bc4d26ac8,,
B0041,2026-08-25,Lithographie-estampe,"Dragon et Sapeur (Types de tous les corps, 1844)","16,5 × 12 cm, signée sur la pierre",Sopocki Dom Aukcyjny via OneBid,Maison de vente,PL,2025-04-05,215€,258€,Vendu,https://onebid.fr/fr/arts-graphiques-et-dessins-hippolyte-bellange-1800-1866-dragon-et-sapeur/2724782,,
B0042,2026-08-25,Lithographie-estampe,Général napoléonien,,Sopocki Dom Aukcyjny via OneBid,Maison de vente,PL,2025-04-05,,258€,Vendu,https://onebid.fr/fr/arts-graphiques-et-dessins-hippolyte-bellange-1800-1866-general-napoleonien/2724783,,
B0043,2026-08-25,Lithographie-estampe,Portrait à cheval du prince Eugène de Beauharnais,,Sopocki Dom Aukcyjny via OneBid,Maison de vente,PL,2025-04-05,,258€,Vendu,https://onebid.fr/fr/arts-graphiques-et-dessins-hippolyte-bellange-1800-1866-portrait-a-cheval-du-prince-eugen-beauharnais/2724784,,
B0044,2026-08-25,Lithographie-estampe,Soldats de la Garde de Napoléon,,Sopocki Dom Aukcyjny via OneBid,Maison de vente,PL,2025-04-05,,258€,Vendu,https://onebid.fr/fr/arts-graphiques-et-dessins-hippolyte-bellange-1800-1866-soldats-de-la-garde-de-napoleon/2724785,,
B0045,2026-08-25,Lithographie-estampe,"Chasseur à cheval 1812 / Officier d'ordonnance (Château de Lesko, 2 lots)","Lithos coloriées 19 × 15 cm, série Dubochet 1844",Mercari Polonia (Varsovie) via OneBid,Maison de vente,PL,2026-03-14,25 € chacun,Sans enchère,Invendu,https://onebid.fr/fr/arts-graphiques-et-dessins-lesko-castle-hippolyte-bellange-lithographie-du-19eme-siecle-horse-chaser-1812-chasseur-a-cheval-1812-famille-krasicki/3299367,,
B0046,2026-08-25,Lithographie-estampe,4 estampes Bellangé,Lots 2634245-2634248,Dom Aukcyjny Ostoya (Varsovie) via OneBid,Maison de vente,PL,2025-02-08,47 € chacun,Sans enchère,Invendu,https://onebid.fr/fr/artist/aukcja/Hippolyte-Bellange,,
B0047,2026-08-25,Lithographie-estampe,Two lithographs (lot 45),"Old Master, British & European Pictures ; résultat toujours introuvable au 07/09/2026 (catalogue the-saleroom en erreur 405, site Roseberys en erreur)",Roseberys (Londres) via Invaluable,Maison de vente,UK,2025-07-09,100 – 150 £,Non affiché,Inconnu,https://www.invaluable.com/auction-lot/joseph-louis-hippolyte-bellange-french-1800-1866--45-c-f8847c68b8,,
B0048,2026-08-25,Lithographie-estampe,"Napoléon, deux gravures d'après Vernet et Bellangé (lot 24)",,Hôtel des Ventes Giraudeau (Tours),Maison de vente,FR,2025-02-17,,"65 € (79,82 € TTC)",Vendu,https://docs.prod-indb.io/2025/02/18/223435_613271382_99c0c394324e4f7b511d2a50999ef658.pdf,,
B0049,2026-08-25,Livre illustré,"Janin, « La Normandie » (Bourdin 1844), hors-textes d'après Bellangé et al. (lot 242)",,Maison non identifiée (PDF prod-indb),Maison de vente,FR,2025-09-11,,20€,Vendu,https://docs.prod-indb.io/2025/09/24/082234_574046984_49287f43269ccc9398973d69ccaf6b8f.pdf,,
B0050,2026-08-25,Livre illustré,Militaria : livres et albums (12 pièces) dont « Costumes militaires français » de Bellangé (lot 1099),Gallery Closure Hassfurther II,im Kinsky (Vienne) via the-saleroom,Maison de vente,AT,2025-05-21,Non affiché,Non affiché,Inconnu,https://www.the-saleroom.com/en-gb/auction-catalogues/imkinsky/catalogue-id-auktio1-10036/lot-292d5c95-4d81-4f10-8848-b2cf0180ee76,,
B0051,2026-08-25,Objet-divers,[DOCUMENTATION] lot 400,"Fiche artiste Millon, description non affichée ; fiche inchangée au 07/09/2026",Millon,Maison de vente,FR,2025-10-30,,230€,Vendu,https://www.millon.com/createurs/hippolyte-bellange,,
B0052,2026-08-25,Objet-divers,Lot « à venir » signalé par MutualArt (1 upcoming),"Compteur passé à 2 lots le 04/09/2026 (B0073-B0074, identifiés le 07/09/2026 : Ostoya, vente du 12/09/2026, voir B0090-B0091) ; 07/09/2026 : compteur affiche 3 lots à venir — le 3e non visible (liste en chargement dynamique) ; 14/09/2026 : compteur « upcoming » plus affiché (Sold 113 / Unsold 103 / Awaiting Results & Other 36), liste JS illisible ; le 3e lot du 07/09 était probablement le lot Conan du 09/09/2026 (B0106)",MutualArt,Agrégateur,,,,,Clôturé,https://www.mutualart.com/Artist/Hippolyte-Bellange/CB676CE910C75B49/artworks-for-sale?Type=Upcoming,,
B0053,2026-08-25,Peinture,"L'Empereur Napoléon Ier à Wagram, juillet 1809","HST 57 × 72,5 cm, signée/datée 1841, Salon 1842 n°75 (réf. cote)","Osenat — L'Empire à Fontainebleau, lot 212",Maison de vente,FR,2015-04-12,10 000 – 12 000 €,12 500 €,Vendu,https://www.osenat.com/lot/21937/4938999-joseph-louis-hippolyte-bellange-paris-1800-1866-lempereur,,
B0054,2026-08-25,Peinture,The Surrender of Aboukir Fort,Huile sur panneau 162 × 212 cm (réf. cote),Artcurial via MutualArt,Maison de vente,FR,2015-11-13,,57 763 $,Vendu,https://www.mutualart.com/Artwork/THE-SURRENDER-OF-ABOUKIR-FORT/439583F983A5E893,,
B0055,2026-08-25,Peinture,Scène de bataille panoramique (Moskowa),"HST 65 × 98 cm, signée (réf. cote)","Aguttes — vente Empire bicentenaire, lot 30",Maison de vente,FR,2021-06,,6 500 € TTC,Vendu,https://www.aguttes.com/en/lot/112344/15053759-hippolyte-bellange-paris-18001,,
B0056,2026-08-25,Peinture,"Grenadiers à pied de la Garde en faction près d'un moulin, paysage de neige","Huile sur panneau 1854, 31 × 24 cm, coll. Bernard Franck (réf. cote)","Thierry de Maigret — Souvenirs historiques, lot 131",Maison de vente,FR,,800 – 1 500 €,2 300 €,Vendu,https://www.thierrydemaigret.com/en/lot/22008/4766805,,
B0057,2026-08-25,Peinture,Convoi militaire,HST (réf. cote),Vanderkindere via Invaluable,Maison de vente,BE,2024-11-13,2 000 – 2 500 €,Non lu,Inconnu,https://www.invaluable.com/auction-lot/bellange-hippolyte-1800-1866-tableaux-huile-sur-t-388-c-cff495fbf5,,
B0058,2026-08-25,Peinture,Réquisition de vivres au pied d'un moulin (1851),"HST 32,5 × 41 cm (réf. cote)",Briscadieu (Bordeaux),Maison de vente,FR,2021-06-05,,1 100 €,Vendu,https://www.briscadieu-bordeaux.com//en/lot/113985/15097257,,
B0059,2026-08-25,Dessin,"La Retraite de Constantine (1845), annotée par le général Changarnier","Dessin, coll. napoléonienne du Palais de Monaco, lot 39 (réf. cote)",Osenat / Giquello,Maison de vente,FR,2024-11,800 – 1 200 €,4 000 €,Vendu,https://www.giquelloetassocies.fr/lot/21004/4364429-hyppolite-bellange-1800-1866-la-retraite-de-constantine,,
B0060,2026-08-25,Dessin,Le Soldat de l'An II (1853),"Dessin aquarellé, coll. Palais de Monaco, lot 29 (réf. cote)",Osenat,Maison de vente,FR,2024-11,300 – 500 €,700€,Vendu,https://www.osenat.com/lot/21004/4364419-hyppolite-bellange-18001866le,,
B0061,2026-08-25,Aquarelle-gouache,Grenadier à pied de la Garde impériale (1859),Dessin aquarellé 40 × 29 cm (réf. cote),Osenat,Maison de vente,FR,2024-11-19,,688 € TTC,Vendu,https://www.osenat.com//en/lot/78093/6514370,,
B0062,2026-08-25,Livre illustré,Uniformes de l'armée française depuis 1815 (108 lithos coloriées) + 5 lithos,(réf. cote),"Ader, lot 69",Maison de vente,FR,2023-05-30,,750€,Vendu,https://www.ader-paris.fr/lot/136271/21652865-bellange-hippolyte-uniformes-de-larmee-francaise-depuis-1815,,
B0063,2026-08-25,Publication,"Solène Sazio, « Hippolyte Bellangé (1800-1866), imagier de la légende napoléonienne »","Article, Napoleonica. La Revue 2024/3 n°50, p. 159 sq. — issu de la thèse (Rouen 2018)",Cairn — Napoleonica,Publication,FR,2024,,,Publié,https://shs.cairn.info/revue-napoleonica-la-revue-2024-3-page-159?lang=fr,,
B0064,2026-08-25,Publication,Dépôt HAL de l'article Sazio (hal-04995757),Version auteur en libre accès,HAL,Publication,FR,2025,,,Publié,https://hal.science/hal-04995757v1,,
B0065,2026-08-25,Publication,CV HAL de Solène Sazio — auteure de référence,"13 documents ; communication 2026 « Dessiner l'expédition du Mexique (1861-1867) » — donnée au XIe congrès SERD « Expériences de la guerre », Musée de l'Armée, 24-26/03/2026 (vérifié 04/09/2026, pas d'autre nouveauté Sazio) ; par ailleurs web editor de napoleon.org / Fondation Napoléon (vu 07/09/2026) — ses futures notices Bellangé paraîtront probablement là ; pas d'actes ni de captation SERD trouvés au 07/09/2026",HAL,Publication,FR,2026,,,Publié,https://cv.hal.science/solene-sazio,,
B0066,2026-08-25,Publication,"Claudia Bonnafoux, « Le mal du pays », Album patriotique (1833) pl. 10","Notice iconographique, Fondation Napoléon, février 2024",napoleon.org,Publication,FR,2024-02,,,Publié,https://www.napoleon.org/histoire-des-2-empires/iconographie/le-mal-du-pays-album-lithographique-par-hippolyte-bellange/,,
B0067,2026-08-25,Publication,Notice d'autorité Musée d'Orsay n°37312 (mise à jour 7 avril 2026),Bellangé daguerréotypiste amateur ; renvoi au portrait PHO 1995 6 246 (notice d'œuvre 67512 màj 15/06/2026),Musée d'Orsay,Publication,FR,2026-04-07,,,Publié,https://www.musee-orsay.fr/en/ressources/artists-personalities-catalog/hippolyte-bellange-37312,,
B0068,2026-08-25,Publication,"Notice Louvre RF 60 — Un jour de revue sous l'Empire (1810), 1862",Historique complet ; prêté à l'expo « Victoire ! » (Musée de l'Armée 2023-24),Louvre collections,Publication,FR,,,,Publié,https://collections.louvre.fr/en/ark:/53355/cl010065827,,
B0069,2026-08-25,Publication,Exposition « Victoire ! La fabrique des héros » (catalogue Leluc et al.),"Musée de l'Armée, 11 oct. 2023 – 28 janv. 2024 — prêt du Louvre RF 60",Musée de l'Armée,Publication,FR,2023-10-11,,,Publié,https://www.musee-armee.fr/au-programme/expositions/expositions-passees.html,,
B0070,2026-08-25,Publication,La Tribune de l'Art — « Hippolyte Bellangé (1800-1866) » (id 4582),"Contenu et date non vérifiés (site inaccessible aux robots, toujours bloqué le 07/09/2026 ; une URL sœur hippolyte-bellange-1800-1866-4582 existe — probable page d'index artiste) — à ouvrir manuellement",La Tribune de l'Art,Publication,FR,,,,À vérifier,https://www.latribunedelart.com/hippolyte-bellange-1800-1866,,
B0071,2026-08-25,Publication,"Solène Sazio, thèse « Hippolyte Bellangé (1800-1866), reconnaissance et oubli d'un artiste aux origines de la légende napoléonienne »","Université de Rouen Normandie, soutenue 23 mars 2018, dir. Marec / Le Men (socle)",theses.fr,Publication,FR,2018-03-23,,,Publié,https://theses.fr/2018NORMR021,,
B0072,2026-08-25,Publication,"Francis Wey, « Exposition des œuvres d'Hippolyte Bellangé… étude biographique » (1867)","Première monographie (socle), Gallica",Gallica,Publication,FR,1867,,,Publié,https://gallica.bnf.fr/ark:/12148/bpt6k6555744x,,
B0073,2026-09-04,Lithographie-estampe,The Infantry Artillery Camp of 1809 (litho rehaussée d'aquarelle),"Litho rehaussée d'aquarelle, 22 × 16,5 cm, signée ; maison identifiée le 07/09/2026 : Dom Aukcyjny Ostoya (Varsovie), 255e vente du 12/09/2026, lot 433, est. 300 – 400 PLN — voir B0091 ; 14/09/2026 : invendu — « aucune offre » lu sur OneBid (= B0091)",MutualArt (maison masquée),Agrégateur,,2026-09-12,Non affiché,,Invendu,https://www.mutualart.com/Artwork/THE-INFANTRY-ARTILLERY-CAMP-OF-1809/29932512A59C668BE0C29D4E64BCD0FB,,
B0074,2026-09-04,Lithographie-estampe,"Lithographie rehaussée d'aquarelle (1844), 18,5 × 15 cm","Litho signée, datée 1844 ; maison identifiée le 07/09/2026 : Dom Aukcyjny Ostoya (Varsovie), 255e vente du 12/09/2026, lot 432 (« Sapeur du corps du génie de la Garde impériale »), est. 300 – 400 PLN — voir B0090 ; 14/09/2026 : invendu — « aucune offre » lu sur OneBid (= B0090)",MutualArt (maison masquée),Agrégateur,,2026-09-12,Non affiché,,Invendu,https://www.mutualart.com/Artwork/Lithograph-colored-with-watercolor--on-p/2B8E9A4055B00939D8F660821A3607CD,,
B0075,2026-09-04,Lithographie-estampe,Houzards du Nord 4e Regt (litho coloriée à la main),Entrée récente du price guide LiveAuctioneers (mention 2026) ; « 1 Sold » — prix / estimation / date réservés aux comptes,Antique Arena Inc. (Brooklyn) via LiveAuctioneers,Agrégateur,US,,Non affiché,Paywall,Vendu,https://www.liveauctioneers.com/price-result/hippolyte-bellange-french-hand-colored-lithograph/,,
B0076,2026-09-04,Peinture,Zouaves de la Garde impériale lors d'une halte (fiche Invaluable),"Même lot que B0031 — déjà connu via Osenat (lot 234, 07/12/2025, invendu) ; fiche Invaluable non rafraîchie (affichait encore « à venir » le 04/09/2026) ; provenance Dr Nacquart, médecin de Balzac",Osenat via Invaluable,Agrégateur,FR,2025-12-07,3 000 – 4 000 €,Non affiché,Invendu,https://www.invaluable.com/auction-lot/hippolyte-bellange-1800-1866-234-c-d38875807a,,
B0077,2026-09-04,Lithographie-estampe,"Prise de la smala d'Abd el-Kader (gravure aquarellée Goupil d'après Bellangé, 1847)","Gravure aquarellée (aquarelle, gouache, gomme arabique) sur vélin, sujet 53,8 × 78,6 cm, feuille 72,5 × 98,8 cm ; modèle de coloris de l'atelier Goupil, d'après le tableau de 1847","Proantic — FineArtsFrance (Marché Dauphine, Saint-Ouen)",Marchand,FR,,,980€,En vente,https://www.proantic.com/1435654-bataille-prise-de-la-smala-d039abd-el-kader-gravure-aquarellee-d039apres-bellange-xixem.html,,
B0078,2026-09-04,Livre illustré,"Laurent de l'Ardèche, « Histoire de Napoléon 1er », ill. Vernet et Bellangé","In-8 568 p., demi-chagrin vert d'époque ; envoi « Donné par l'Empereur Napoléon III au colonel Guillon, commandant le 6e rég. de Hussards, mai 1870 »",Proantic — Centule Antiquités (Saint-Riquier),Marchand,FR,,,330€,En vente,https://www.proantic.com/1598349-histoire-de-napoleon-1er-par-laurent-pm-de-l039ardeche.html,,
B0079,2026-09-04,Lithographie-estampe,"Garde Impériale : Canonnier à pied et Officier d'artillerie légère (Lacoste d'après Bellangé, v. 1844)","Litho coloriée à la main, image 17 × 13,5 cm, feuille 23,5 × 15,5 cm ; de « Histoire de l'Empereur Napoléon » ; légère tache en marge",AbeBooks — Antiquariat Friederichsen (Hambourg),Marketplace,DE,,,250€,En vente,https://www.abebooks.fr/art-affiches/Garde-Imperiale-Canonnier-pied-Officier-d%60artillerie/15341477407/bd,,
B0080,2026-09-04,Lithographie-estampe,"Retour de l'île d'Elbe (eau-forte, 1837, suite Norvins)","Eau-forte 22 × 12 cm, marges jaunies ; 4 autres fiches Wallector similaires (Toulon ×2, Elbe, Vve Charlet) vues sur la page créateur 1stDibs le 04/09, isolées et ajoutées le 07/09/2026 (B0094-B0097)",1stDibs — Wallector (Rome),Marketplace,IT,,,Sur demande,En vente,https://www.1stdibs.com/art/prints-works-on-paper/figurative-prints-works-on-paper/hippolyte-bellange-retour-de-lile-delbe-etching-hippolyte-bellange-1837/id-a_11934682/,,
B0081,2026-09-04,Livre illustré,"Saint-Hilaire, « Histoire anecdotique, politique et militaire de la Garde Impériale » (Penaud 1847)","Ill. Bellangé, état « bon » ; fiche vue sur la page auteur AbeBooks (URL de fiche individuelle non isolée)",AbeBooks — Liseronsblancs (Nancy),Marketplace,FR,,,360€,En vente,https://www.abebooks.fr/rechercher-livre/auteur/h-bellange/,,
B0082,2026-09-04,Livre illustré,"Pascal, « Histoire de l'Armée et de tous les régiments », 4 vol. (Barbier 1847)","Ill. Bellangé et al., état « sehr gut » ; fiche vue sur la page auteur AbeBooks",AbeBooks — Antiquariat-Sandbuckel (Eppertshausen),Marketplace,DE,,,290€,En vente,https://www.abebooks.fr/rechercher-livre/auteur/h-bellange/,,
B0083,2026-09-04,Livre illustré,"Janin, « La Normandie » (Bourdin 1843, édition originale)",Ill. Bellangé et al. ; autre exemplaire que le lot B0049 (adjugé 20 € en 2025) ; fiche vue sur la page auteur AbeBooks,AbeBooks — Librairie du Cardinal (Gradignan),Marketplace,FR,,,195€,En vente,https://www.abebooks.fr/rechercher-livre/auteur/h-bellange/,,
B0084,2026-09-04,Livre illustré,"Barthélemy & Méry, « Napoléon en Égypte. Waterloo et le fils de l'homme » (Bourdin, 1842)",17 gravures hors-texte sur Chine d'après Vernet et Bellangé ; plein chagrin vert signé Bauzonnet-Trautz ; marqué « Sold » (prix non affiché) — info de cote,Edition-Originale.com,Marchand,FR,,,Non affiché,Vendu,https://www.edition-originale.com/en/literature/illustrated-books/barthelemy-napoleon-en-egypte-waterloo-et-le-1842-48909,,
B0085,2026-09-04,Lithographie-estampe,Pupille. Garde impériale (d'après Bellangé),"Fiche repérée par extrait de recherche ; site instable — toujours en 503 le 07/09/2026 (3 tentatives), page non ouverte ; 14/09/2026 : site rétabli mais la page renvoie un listing générique sans l'œuvre — possible retrait, à reconfirmer",Les Atamanes,Marchand,FR,,,Non affiché,À vérifier,https://www.lesatamanes.com/oeuvres/pupille-garde-imperiale-d-apres-hyppolite-bellange,,
B0086,2026-09-04,Lithographie-estampe,L'Empereur à cheval (d'après Bellangé),"Litho coloriée à la main, tirée d'une histoire illustrée de Napoléon, 1840, feuille 25,7 × 16,7 cm ; site rétabli le 14/09/2026 après deux passages en 503 — prix et statut lus pour la première fois",Les Atamanes,Marchand,FR,,,180€,En vente,https://lesatamanes.com/oeuvres/lempereur-cheval,,
B0087,2026-09-04,Lithographie-estampe,"Normandie : Le Retour de la Ville (litho, 1840)",Fiche repérée par extrait de recherche ; site bloqué — toujours en 403 le 07/09/2026 — à ouvrir à la main,Galerie Napoléon,Marchand,FR,,,Non affiché,À vérifier,https://www.galerie-napoleon.com/product_info.php?products_id=5508,,
B0088,2026-09-04,Publication,"La Tribune de l'Art — « Le Poittevin rejoint Bellangé à Fécamp, grâce à un don »","Article de Didier Rykner du 13/04/2023, enfin lu le 14/09/2026 (accès partiel, paywall) : don de Jean-Christophe Baudequin au musée des Pêcheries de Fécamp d'une huile d'Eugène Le Poittevin « Étretat. Le vieux pêcheur et les petits enfants » (1852, 13,2 × 16,5 cm), qui rejoint le galet peint par Bellangé récemment acheté en vente par le musée ; Le Poittevin aurait offert le tableau à Bellangé, qui le copia sur un galet offert en retour (1852) ; les deux œuvres exposées ensemble ; aucune reprise presse trouvée",La Tribune de l'Art,Publication,FR,2023-04-13,,,Publié,https://www.latribunedelart.com/le-poittevin-rejoint-bellange-a-fecamp-grace-a-un-don,,
B0089,2026-09-04,Publication,Bibliothèque numérique de l'INHA — « Croquis d'Hippolyte Bellangé »,"Recueil de croquis numérisé par l'INHA ; page dynamique toujours illisible par le robot le 07/09/2026 (squelette JS, aucune cote ni date) — contenu à vérifier",INHA,Publication,FR,,,,À vérifier,https://bibliotheque-numerique.inha.fr/collection/item/16588-croquis-d-hippolyte-bellange,,
B0090,2026-09-07,Lithographie-estampe,Sapeur du corps du génie de la Garde impériale (litho rehaussée d'aquarelle),"Litho rehaussée d'aquarelle, 1844, 18,5 × 15 cm, encadrée ; planche de la « Collection des types de tous les corps… » (Dubochet 1844) ; même lot que B0074 (fiche MutualArt, maison masquée) — déjà passé au registre le 04/09/2026 ; départ 200 PLN (~46 €) ; 14/09/2026 : invendu — « Prix de vente : aucune offre » affiché sur OneBid après la vente du 12/09","Dom Aukcyjny Ostoya (Varsovie), 255e vente, lot 432, via OneBid",Maison de vente,PL,2026-09-12,300 – 400 PLN (~69 – 92 €),Aucune offre,Invendu,https://onebid.fr/fr/arts-graphiques-et-dessins-joseph-louis-hippolyte-bellange-sapeur-du-corps-du-genie-de-la-garde-imperiale/3619582,,
B0091,2026-09-07,Lithographie-estampe,Camp d'artillerie à pied de 1809 (litho rehaussée d'aquarelle),"Litho rehaussée d'aquarelle, 22 × 16,5 cm, signée sur la pierre Sobret et Bellangé, encadrée ; même recueil Dubochet 1844 ; même lot que B0073 (fiche MutualArt) — déjà passé au registre le 04/09/2026 ; départ 200 PLN (~46 €) ; 14/09/2026 : invendu — « Prix de vente : aucune offre » affiché sur OneBid après la vente du 12/09","Dom Aukcyjny Ostoya (Varsovie), 255e vente, lot 433, via OneBid",Maison de vente,PL,2026-09-12,300 – 400 PLN (~69 – 92 €),Aucune offre,Invendu,https://onebid.fr/fr/arts-graphiques-et-dessins-joseph-louis-hippolyte-bellange-camp-d-artillerie-a-pied-de-1809/3619583,,
B0092,2026-09-07,Lithographie-estampe,"Officier d'ordonnance de l'Empereur, uniforme 1812-1814 (Château de Lesko)","Litho rehaussée 25,3 × 16 cm, série des uniformes napoléoniens publiée en 1843, prov. famille Krasicki ; pendant du lot B0045 (Chasseur à cheval 1812, invendu 03/2026) ; page incohérente : date affichée 14/03/2026 mais statut « à venir » — vente probablement reprogrammée, à surveiller ; départ 100 PLN (~25 €), aucune enchère ; 14/09/2026 : page OneBid affiche « Cet article n'est plus disponible » + « aucune offre » — lot clos sans enchère, incohérence du 07/09 levée","Mercari Polonia (Varsovie) via OneBid, lot 350",Maison de vente,PL,,100 PLN départ,Aucune offre,Invendu,https://onebid.fr/fr/arts-graphiques-et-dessins-chateau-de-lesko-hippolyte-bellange-lithographie-du-19eme-siecle-officier-d-ordonnance-de-l-empereur-famille-krasicki/3299369,,
B0093,2026-09-07,Lithographie-estampe,Napoléon — litho 1846 (« Ingresso in Siria »),"Litho 1846, 34 × 49 cm — troupes en route vers la Syrie",1stDibs — Wallector (Rome),Marketplace,IT,,,Sur demande,En vente,https://www.1stdibs.com/art/prints-works-on-paper/figurative-prints-works-on-paper/hippolyte-bellange-napoleon-lithograph-hippolyte-bellange-1846/id-a_7981732/,,
B0094,2026-09-07,Lithographie-estampe,Dédié à Madame Vve Charlet (1846) — exemplaire Wallector,"42 × 57 cm, traces d'humidité ; pendant 1stDibs de la fiche Pamono B0013 (397 $)",1stDibs — Wallector (Rome),Marketplace,IT,,,Sur demande,En vente,https://www.1stdibs.com/art/prints-works-on-paper/figurative-prints-works-on-paper/hippolyte-bellange-dedie-madame-vve-charlet-original-lithographs-hippolyte-bellange-1846/id-a_10045742/,,
B0095,2026-09-07,Lithographie-estampe,"Bonaparte à Toulon (eau-forte, 1837, suite AtlasBatt Norvins)","Eau-forte 13 × 22 cm, suite « AtlasBatt » de l'Histoire de Napoléon de Norvins (1837), bon état",1stDibs — Wallector (Rome),Marketplace,IT,,,Sur demande,En vente,https://www.1stdibs.com/art/prints-works-on-paper/figurative-prints-works-on-paper/hippolyte-bellange-bonaparte-toulon-etching-hippolyte-bellange-1837/id-a_14122652,,
B0096,2026-09-07,Lithographie-estampe,"Bonaparte à Toulon (variante, cataloguée « Gros Pina » d'après Bellangé)","Eau-forte 1837, 13 × 22 cm, même suite AtlasBatt ; fiche vérifiée le 07/09/2026",1stDibs — Wallector (Rome),Marketplace,IT,,,Sur demande,En vente,https://www.1stdibs.com/art/prints-works-on-paper/figurative-prints-works-on-paper/gros-pina-bonaparte-toulon-etching-hippolyte-bellange-1837/id-a_14122632,,
B0097,2026-09-07,Lithographie-estampe,"Retour de l'île d'Elbe (eau-forte, 1837, suite AtlasBatt) — 2e exemplaire","Eau-forte 13 × 22 cm ; distincte de la fiche B0080 (id-a_11934682, toujours affichée) ; fiche vérifiée le 07/09/2026",1stDibs — Wallector (Rome),Marketplace,IT,,,Sur demande,En vente,https://www.1stdibs.com/art/prints-works-on-paper/figurative-prints-works-on-paper/hippolyte-bellange-return-from-elba-etching-hippolyte-bellange-1837/id-a_14122702/,,
B0098,2026-09-07,Aquarelle-gouache,Le passage du bac,"Aquarelle gouachée 19,5 × 24,5 cm ; fiche ancienne (v. 2019) toujours au catalogue, absente du registre jusqu'ici",Galerie Christian Le Serbon (Paris),Marchand,FR,,,Sur demande,En vente,https://www.galerie-leserbon.fr/hippolyte-bellange-le-passage-du-bac/,,
B0099,2026-09-07,Livre illustré,"« Die Soldaten der französischen Republik und des Kaiserreichs » (Leipzig 1843), 51 planches",Ill. d'après Bellangé ; fiche vue sur la page auteur AbeBooks (URL individuelle non isolée),AbeBooks — Das Konversations-Lexikon (Garding),Marketplace,DE,,,300€,En vente,https://www.abebooks.fr/rechercher-livre/auteur/h-bellange/,,
B0100,2026-09-07,Livre illustré,"Poujoulat, « Histoire de la Révolution française » (1848)","8 gravures sur acier d'après « Hyppolithe Bellangé » ; marqué vendu, prix non affiché — info de cote",Edition-Originale.com,Marchand,FR,,,Non affiché,Vendu,https://edition-originale.com/fr/oeuvres/histoire/editions-originales/poujoulat-histoire-de-la-revolution-francaise-1848-39645,,
B0101,2026-09-07,Aquarelle-gouache,Vivandière et soldat blessé,"Aquarelle 14 × 21,5 cm (réf. cote)",Osenat,Maison de vente,FR,2024-09-30,250 – 300 €,238€,Vendu,https://www.osenat.com/lot/93593/9295113,,
B0102,2026-09-07,Dessin,Le chasseur à cheval + deux croquis,"Crayon noir, lot 434, vente « L'Empire à Fontainebleau » 2023 (réf. cote) ; résultat non affiché",Osenat,Maison de vente,FR,2023,600 – 800 €,Non affiché,Inconnu,https://osenat.com/lot/26245/6170698,,
B0103,2026-09-07,Peinture,Napoléon à la bataille de Waterloo (atelier d'H. Bellangé),HST 40 × 32 cm (réf. cote),Tajan,Maison de vente,FR,2021-06-22,,750€,Vendu,https://www.tajan.com/auction-lot/ecole-francaise-du-xixe-siecle-atelier-dhippolyte_AC142E1A9F,,
B0104,2026-09-07,Aquarelle-gouache,La prise de la redoute,"Aquarelle gouachée 1824, 29 × 44 cm (réf. cote) ; résultat non affiché",De Baecque,Maison de vente,FR,2021-03-19,1 500 – 2 000 €,Non affiché,Inconnu,https://debaecque.fr/lot/110659/14467182-hippolyte-bellange-1800-1866-la-prise-de-la-redoute,,
B0105,2026-09-07,Peinture,Le rappel des chiens (1842),Huile sur panneau (réf. cote),Pestel-Debord,Maison de vente,FR,2018-06-27,,1 200 €,Vendu,https://www.pestel-debord.com/lot/13583/2519588-hippolyte-bellange-1800-1866-le-rappel-des-chiens-huile-sur,,
B0106,2026-09-14,Lithographie-estampe,Le départ des conscrits (chromolithographie d'après Bellangé),"Chromolithographie sur papier, dim. affichées 142,2 × 172,7 cm (56 × 68 in.), légère insolation ; lot 652 de la « Vente Classique et or » ; résultat non affiché sur Artnet ; probablement le 3e lot « upcoming » du compteur MutualArt du 07/09 (hypothèse)",Conan Hôtel d'Ainay (Lyon) via Artnet,Maison de vente,FR,2026-09-09,15 – 20 €,Non affiché,Inconnu,https://www.artnet.com/artists/hippolyte-bellangé/le-départ-des-conscrits-GFhVNAnvTUc1jNfudZhYeA2,,
B0107,2026-09-14,Dessin,Large Battlefield Drawing (attribué à H. Bellangé),"Encre et lavis, 57 × 62 cm ; « attribué à » ; page ouverte le 14/09/2026",1stDibs — marchand de Kittery Point (Maine),Marketplace,US,,,Sur demande,En vente,https://www.1stdibs.com/furniture/wall-decorations/drawings/large-battlefield-drawing-attributed-to-hippolyte-bellange-french-1800-1866/id-f_35067262/,,
B0108,2026-09-14,Lithographie-estampe,"Bonaparte à Toulon (eau-forte, 1837) — 3e exemplaire Wallector","Eau-forte 22 × 14 cm, suite AtlasBatt Norvins ; nouvel identifiant 1stDibs, distinct de B0095-B0096 ; même œuvre que la fiche Pamono B0021 (230 $)",1stDibs — Wallector (Rome),Marketplace,IT,,,Sur demande,En vente,https://www.1stdibs.com/art/prints-works-on-paper/hippolyte-bellange-napoleon-bonaparte-in-toulon/id-a_11947702/,,
B0109,2026-09-14,Livre illustré,« Die Soldaten der französischen Republik und des Kaiserreichs » (Leipzig 1843) — exemplaire incomplet,44 planches coloriées main (5-6 manquantes) ; très en dessous de l'exemplaire complet à 300 € (B0099) ; fiche vue sur la page auteur AbeBooks,AbeBooks — Kisselburg Military Books (US),Marketplace,US,,,"34,19€",En vente,https://www.abebooks.fr/rechercher-livre/auteur/h-bellange/,,
B0110,2026-09-14,Livre illustré,"Janin, « La Normandie » (Bourdin 1844) — exemplaire enrichi","Pleine basane noire d'époque, 150 vignettes + 24 hors-texte sur acier, 8 gravures coloriées ajoutées absentes de l'édition 1843, ex-libris du comte de Roucy (1868) ; marqué « Sold », prix non affiché — info de cote ; page ouverte le 14/09/2026",Edition-Originale.com (Le Feu Follet),Marchand,FR,,,Non affiché,Vendu,https://edition-originale.com/en/works/french-districts/nord-picardie-normandie/janin-la-normandie-1844-50789,,
B0111,2026-09-14,Objet-divers,Reproductions numériques gratuites Estampes MAS (album 1834 et 3 planches),"PNG 600 dpi téléchargeables gratuitement : album « Souvenirs militaires » 1834 (12 lithos + couverture), Moskowa, Marengo, La Garde meurt ; documentation sans valeur marchande ; page vérifiée le 14/09/2026",Estampes MAS,Marchand,FR,,,0 € (gratuit),Publié,https://www.estampes-mas.fr/produit/bellange-souvenirs-militaires-album-1834-telechargement/,,
B0112,2026-09-14,Publication,"Solène Sazio, deux recensions dans « Sélection de l'été 2026 » (napoleon.org)",Recensions de « Villes impériales » (D. Chanteranne) et « La folie Sainte-Hélène » (J.-C. Rufin) ; pas de lien Bellangé direct — activité de l'auteure de référence,napoleon.org,Publication,FR,2026-07-24,,,Publié,https://www.napoleon.org/histoire-des-2-empires/articles/selection-de-lete-2026/,,
B0113,2026-09-14,Publication,"Notice « La Bataille de Montereau » (Fondation Napoléon, J. Cortade)","Tableau attribué à Horace Vernet, coll. Fondation Napoléon ; Bellangé cité pour sa gravure de la même scène (1828) ; la notice le dit « élève de Charlet » (erreur, il est élève de Gros) — mention secondaire",napoleon.org,Publication,FR,2025-02,,,Publié,https://www.napoleon.org/histoire-des-2-empires/tableaux/la-bataille-de-montereau/,,
B0114,2026-09-14,Publication,"INHA — « Autographes, Carton 3 : Peintres Bau-Bel » (item 17126)","Carton d'autographes pouvant contenir des lettres Bellangé ; repéré par extrait de recherche le 14/09/2026, page JS illisible au robot — à ouvrir manuellement (comme l'item 16588, B0089)",INHA,Publication,FR,,,,À vérifier,https://bibliotheque-numerique.inha.fr/collection/item/17126-autographes-carton-3-peintres-bau-bel,,
B0115,2026-09-14,Peinture,Soldat marchand (1854),"Huile sur panneau 21,5 × 15,5 cm, lot 28 (réf. cote) ; vente vers le 01-02/07, année non affichée (vraisemblablement 2022) ; page ouverte le 14/09/2026",SGL Enchères,Maison de vente,FR,,,330€,Vendu,https://www.sgl-encheres.com/en/lot/128580/18583714,,
B0116,2026-09-14,Aquarelle-gouache,Couple au coin du feu (1834),"Aquarelle gouachée, lot 3 (réf. cote)",Rouillac,Maison de vente,FR,2018-02-18,,250€,Vendu,https://www.rouillac.com/en/lot-451-123488-hippolyte_bellange_paris_1800_1866couple,,
B0117,2026-09-14,Lithographie-estampe,Le camp militaire (gravure rehaussée d'après Bellangé),Lot 10 (réf. cote),Émeraude Enchères (Saint-Malo),Maison de vente,FR,2016-08-06,,150€,Vendu,https://www.emeraude-encheres.com/lot-140320.html,,
B0118,2026-09-14,Livre illustré,[Napoléon Ier — Empire] 8 volumes Saint-Hilaire ill. Bellangé (lot 322),"Vente « Bibliophilie » des 14-15 avril, année non affichée ; résultat non affiché (réf. cote) ; page ouverte le 14/09/2026",Briscadieu (Bordeaux),Maison de vente,FR,,150 – 200 €,Non affiché,Inconnu,https://www.briscadieu-bordeaux.com/lot/129312/21116858,,
